"VECTORS","AES-EBC","AES-CBC","RSA_OAEP"
5affe279f24ae92cdb7b526bcd119b590c5ea34b5703ccdbd0ee49696803eeba3dd0f5caba5c62cc59c67657dbe8fc71052c56af5e2edb7039455c872c211065a13a18da4aa17f5dc404b3d44e8779b68feb5bca93954b9425ef12bbe83e1fe87c102a954077f83a6e805aff4dfa9b2bc108d79d0032da2a1bd28e5b0c046929,4.3199999709031545e-05,6.509999911941122e-05
5affe279f24ae92cdb7b526bcd119b590c5ea34b5703ccdbd0ee49696803eeba3dd0f5caba5c62cc59c67657dbe8fc71052c56af5e2edb7039455c872c211065a13a18da4aa17f5dc404b3d44e8779b68feb5bca93954b9425ef12bbe83e1fe87c102a954077f83a6e805aff4dfa9b2bc108d79d0032da2a1bd28e5b0c046929,5.0299999202252366e-05,7.580000055895653e-05
5affe279f24ae92cdb7b526bcd119b590c5ea34b5703ccdbd0ee49696803eeba3dd0f5caba5c62cc59c67657dbe8fc71052c56af5e2edb7039455c872c211065a13a18da4aa17f5dc404b3d44e8779b68feb5bca93954b9425ef12bbe83e1fe87c102a954077f83a6e805aff4dfa9b2bc108d79d0032da2a1bd28e5b0c046929,2.4200000552809797e-05,4.099999932805076e-05
ebc015ddb4d3454d101491047ba5e491,2.4900000425986946e-05,4.660000013245735e-05
ebc015ddb4d3454d101491047ba5e491,2.4199998733820394e-05,3.859999924316071e-05
ebc015ddb4d3454d101491047ba5e491,4.199999966658652e-05,6.030000076862052e-05
FDE623DDB67A227F57D8445FB754157BF8D2E6293DFF168DA7409C87B02CC5B2242F6E1E8FE6E8DF18BF0CE7E8FF168796075BBAAE73D7594170D664EB7EA348B3FD7D09553B6E75D6059552A5809344A5D703E41B4C04430ED6DBEFAE1C86FD22EDA652352EA61AE517D2B3855ED54F715DE13EFAB4C99C4AF2CAD3F5EF9469939710D760E7E68BEB25AF57063B99E4,4.269999953976367e-05,6.480000047304202e-05
FDE623DDB67A227F57D8445FB754157BF8D2E6293DFF168DA7409C87B02CC5B2242F6E1E8FE6E8DF18BF0CE7E8FF168796075BBAAE73D7594170D664EB7EA348B3FD7D09553B6E75D6059552A5809344A5D703E41B4C04430ED6DBEFAE1C86FD22EDA652352EA61AE517D2B3855ED54F715DE13EFAB4C99C4AF2CAD3F5EF9469939710D760E7E68BEB25AF57063B99E4,4.4099999286117963e-05,6.470000153058209e-05
FDE623DDB67A227F57D8445FB754157BF8D2E6293DFF168DA7409C87B02CC5B2242F6E1E8FE6E8DF18BF0CE7E8FF168796075BBAAE73D7594170D664EB7EA348B3FD7D09553B6E75D6059552A5809344A5D703E41B4C04430ED6DBEFAE1C86FD22EDA652352EA61AE517D2B3855ED54F715DE13EFAB4C99C4AF2CAD3F5EF9469939710D760E7E68BEB25AF57063B99E4,4.269999953976367e-05,6.399999983841553e-05
