"VECTORS","AES-EBC","AES-CBC","RSA_OAEP"
3847acdb384756123847acdb38475612,2.3999999939405825e-05,2.1599999854515772e-05,0.005564999999933207
3847acdb384756123847acdb38475612,1.8299999965165625e-05,2.210000002378365e-05,0.006620999999995547
3847acdb384756123847acdb38475612,1.950000000761065e-05,2.380000000812288e-05,0.005321099999946455
12823734736323642acd834753464bfedc8247563adbca834756246cbcbfeaccd34343,1.83000001925393e-05,2.3199999986900366e-05,0.00486100000011902
12823734736323642acd834753464bfedc8247563adbca834756246cbcbfeaccd34343,2.0200000108161476e-05,2.300000005561742e-05,0.005204899999853296
12823734736323642acd834753464bfedc8247563adbca834756246cbcbfeaccd34343,1.820000011321099e-05,2.27999998969608e-05,0.00551580000001195
12fd827450693847563847acdb38475612fd827450693847563847acdb38475612fd827450693847563847acdb38475612fd827450693847563847acdb384756,1.820000011321099e-05,2.2599999965677853e-05,0.0061762000000271655
12fd827450693847563847acdb38475612fd827450693847563847acdb38475612fd827450693847563847acdb38475612fd827450693847563847acdb384756,1.7699999943943112e-05,2.3199999986900366e-05,0.005435300000044663
12fd827450693847563847acdb38475612fd827450693847563847acdb38475612fd827450693847563847acdb38475612fd827450693847563847acdb384756,1.820000011321099e-05,2.3599999849466258e-05,0.005056800000147632
