"VECTORS","AES-EBC","AES-CBC","RSA_OAEP"
014730f80ac625fe84f026c60bfd547d,0.00016449999999945675,6.800000000062312e-05,0.001817699999999256
0b24af36193ce4665f2825d7b4749c98,2.8300000000314185e-05,1.7199999999384374e-05,0.0015422000000002711
761c1fe41a18acf20d241650611d90f1,4.190000000026117e-05,1.7800000000178784e-05,0.001505899999999727
8a560769d605868ad80d819bdba03771,2.6199999999754198e-05,1.5600000000226544e-05,0.0016425000000008794
