"VECTORS","AES-EBC","AES-CBC","RSA_OAEP"
014730f80ac625fe84f026c60bfd547d,9.239999999977044e-05,2.410000000008239e-05,0.0016366999999997134
0b24af36193ce4665f2825d7b4749c98,2.9899999999916105e-05,1.4100000000016877e-05,0.0016817000000006743
761c1fe41a18acf20d241650611d90f1,5.230000000011614e-05,1.9899999999850593e-05,0.001669600000000493
8a560769d605868ad80d819bdba03771,2.9400000000734394e-05,1.6300000000413206e-05,0.0020135999999997267
