"VECTORS","SHA-1","SHA-2","SHA-3"
,1.180000000000625e-05,1.6499999999974868e-05,2.159999999995499e-05
a,1.3699999999949863e-05,4.579999999998474e-05,6.799999999973494e-06
abc,1.3099999999988121e-05,1.4399999999969992e-05,1.0999999999983245e-05
message digest,1.2000000000012001e-05,1.4499999999917357e-05,6.1999999999562405e-06
abcdefghijklmnopqrstuvwxyz,1.2700000000087641e-05,1.4500000000028379e-05,9.800000000059761e-06
12345678901234567890123456789012345678901234567890123456789012345678901234567890,1.669999999998062e-05,1.6900000000097393e-05,6.900000000031881e-06
0000000000000000000000000000000000000sasaasasa00000000000000000000000000000000000000000000000000000000000000000000000000000000000000000000000000,1.5500000000057135e-05,1.7699999999898353e-05,1.3799999999952739e-05
