"VECTORS","SHA-1","SHA-2","SHA-3"
,1.0599999999971743e-05,1.7399999999945237e-05,2.6199999999976242e-05
a,1.3800000000063761e-05,1.81000000001319e-05,7.499999999938112e-06
abc,1.2799999999923983e-05,1.8599999999979744e-05,6.399999999961992e-06
message digest,1.3700000000005375e-05,1.7700000000120397e-05,6.199999999845218e-06
abcdefghijklmnopqrstuvwxyz,1.4599999999864721e-05,2.5500000000011624e-05,7.499999999938112e-06
12345678901234567890123456789012345678901234567890123456789012345678901234567890,1.7500000000003624e-05,2.300000000010627e-05,6.900000000031881e-06
0000000000000000000000000000000000000sasaasasa00000000000000000000000000000000000000000000000000000000000000000000000000000000000000000000000000,1.7299999999664806e-05,2.1600000000177033e-05,1.4600000000086766e-05
