"VECTORS","RSA-PSS","DSA","ECDSA"
014730f80ac625fe84f026c60bfd547d,0.0067051999999989675,0.002421699999999305,0.011854800000000054
0b24af36193ce4665f2825d7b4749c98,0.00654369999999993,0.0026764000000021326,0.01110609999999923
761c1fe41a18acf20d241650611d90f1,0.006326999999998861,0.0024833000000015204,0.01141099999999895
8a560769d605868ad80d819bdba03771,0.006406500000000648,0.002349699999999899,0.01115479999999991
