VECTOR,RSA_PSS,ECDSA,DSA
	,0.003345421,0.069268194,0.013934255
3847acdb384756123847acdb38475612,0.003382954,0.069403409,0.013816683
12823734736323642acd834753464bfedc8247563adbca834756246cbcbfeaccd34343,0.003457058,0.071961597,0.01272742
12fd827450693847563847acdb38475612fd827450693847563847acdb38475612fd827450693847563847acdb38475612fd827450693847563847acdb384756,0.003629005,0.07013707,0.119844247
